,path,class_id,train-valid
0,marvel/0001/001.jpg,1,train
1,marvel/0001/002.jpg,1,valid
2,marvel/0001/003.jpg,1,train
3,marvel/0001/004.jpg,1,train
4,marvel/0001/005.jpg,1,train
5,marvel/0001/006.jpg,1,valid
6,marvel/0001/007.jpg,1,train
7,marvel/0001/008.jpg,1,valid
8,marvel/0001/009.jpg,1,valid
9,marvel/0001/010.jpg,1,valid
10,marvel/0002/001.jpg,2,train
11,marvel/0002/002.jpg,2,valid
12,marvel/0002/003.jpg,2,train
13,marvel/0002/004.jpg,2,train
14,marvel/0002/005.jpg,2,train
15,marvel/0002/006.jpg,2,valid
16,marvel/0002/007.jpg,2,train
17,marvel/0002/008.jpg,2,valid
18,marvel/0002/009.jpg,2,valid
19,marvel/0002/010.jpg,2,valid
20,marvel/0003/001.jpg,3,train
21,marvel/0003/002.jpg,3,valid
22,marvel/0003/003.jpg,3,train
23,marvel/0003/004.jpg,3,train
24,marvel/0003/005.jpg,3,train
25,marvel/0003/006.jpg,3,valid
26,marvel/0003/007.jpg,3,train
27,marvel/0003/008.jpg,3,valid
28,marvel/0003/009.jpg,3,valid
29,marvel/0003/010.jpg,3,valid
30,marvel/0004/001.jpg,4,train
31,marvel/0004/002.jpg,4,valid
32,marvel/0004/003.jpg,4,train
33,marvel/0004/004.jpg,4,train
34,marvel/0004/005.jpg,4,train
35,marvel/0004/006.jpg,4,valid
36,marvel/0004/007.jpg,4,train
37,marvel/0004/008.jpg,4,valid
38,marvel/0004/009.jpg,4,valid
39,marvel/0004/010.jpg,4,valid
40,star-wars/0001/001.jpg,5,valid
41,star-wars/0001/002.jpg,5,train
42,star-wars/0001/003.jpg,5,valid
43,star-wars/0001/004.jpg,5,train
44,star-wars/0001/005.jpg,5,train
45,star-wars/0001/006.jpg,5,valid
46,star-wars/0001/007.jpg,5,valid
47,star-wars/0001/008.jpg,5,valid
48,star-wars/0001/009.jpg,5,train
49,star-wars/0001/010.jpg,5,train
50,star-wars/0001/011.jpg,5,train
51,star-wars/0002/001.jpg,6,valid
52,star-wars/0002/002.jpg,6,train
53,star-wars/0002/003.jpg,6,valid
54,star-wars/0002/004.jpg,6,train
55,star-wars/0002/005.jpg,6,train
56,star-wars/0002/006.jpg,6,valid
57,star-wars/0002/007.jpg,6,valid
58,star-wars/0002/008.jpg,6,valid
59,star-wars/0002/009.jpg,6,train
60,star-wars/0002/010.jpg,6,train
61,star-wars/0002/011.jpg,6,train
62,star-wars/0003/001.jpg,7,valid
63,star-wars/0003/002.jpg,7,train
64,star-wars/0003/003.jpg,7,valid
65,star-wars/0003/004.jpg,7,train
66,star-wars/0003/005.jpg,7,train
67,star-wars/0003/006.jpg,7,valid
68,star-wars/0003/007.jpg,7,valid
69,star-wars/0003/008.jpg,7,valid
70,star-wars/0003/009.jpg,7,train
71,star-wars/0003/010.jpg,7,train
72,star-wars/0003/011.jpg,7,train
73,star-wars/0004/001.jpg,8,valid
74,star-wars/0004/002.jpg,8,train
75,star-wars/0004/003.jpg,8,train
76,star-wars/0005/001.jpg,9,valid
77,star-wars/0005/002.jpg,9,train
78,star-wars/0005/003.jpg,9,train
79,star-wars/0001/012.jpg,5,train
80,star-wars/0002/012.jpg,6,train
81,star-wars/0003/012.jpg,7,train
82,star-wars/0006/001.jpg,10,valid
83,star-wars/0006/002.jpg,10,train
84,star-wars/0006/003.jpg,10,train
85,star-wars/0004/004.jpg,8,valid
86,star-wars/0004/005.jpg,8,train
87,star-wars/0004/006.jpg,8,valid
88,star-wars/0004/007.jpg,8,valid
89,star-wars/0004/008.jpg,8,train
90,star-wars/0004/009.jpg,8,valid
91,star-wars/0004/010.jpg,8,train
92,star-wars/0004/011.jpg,8,valid
93,star-wars/0004/012.jpg,8,train
94,star-wars/0004/013.jpg,8,train
95,star-wars/0005/004.jpg,9,valid
96,star-wars/0005/005.jpg,9,train
97,star-wars/0005/006.jpg,9,valid
98,star-wars/0005/007.jpg,9,train
99,star-wars/0005/008.jpg,9,train
100,star-wars/0005/009.jpg,9,valid
101,star-wars/0005/010.jpg,9,valid
102,star-wars/0005/011.jpg,9,valid
103,star-wars/0005/012.jpg,9,valid
104,star-wars/0005/013.jpg,9,train
105,star-wars/0005/014.jpg,9,train
106,star-wars/0006/004.jpg,10,train
107,star-wars/0006/005.jpg,10,valid
108,star-wars/0006/006.jpg,10,train
109,star-wars/0006/007.jpg,10,valid
110,star-wars/0006/008.jpg,10,valid
111,star-wars/0006/009.jpg,10,train
112,star-wars/0006/010.jpg,10,valid
113,star-wars/0007/001.jpg,11,train
114,star-wars/0007/002.jpg,11,valid
115,star-wars/0007/003.jpg,11,train
116,star-wars/0007/004.jpg,11,valid
117,star-wars/0007/005.jpg,11,train
118,star-wars/0007/006.jpg,11,train
119,star-wars/0007/007.jpg,11,valid
120,star-wars/0008/001.jpg,12,train
121,star-wars/0008/002.jpg,12,valid
122,star-wars/0008/003.jpg,12,train
123,star-wars/0008/004.jpg,12,valid
124,star-wars/0008/005.jpg,12,train
125,star-wars/0008/006.jpg,12,train
126,star-wars/0008/007.jpg,12,valid
127,star-wars/0009/001.jpg,13,train
128,star-wars/0009/002.jpg,13,valid
129,star-wars/0009/003.jpg,13,train
130,star-wars/0009/004.jpg,13,valid
131,star-wars/0009/005.jpg,13,train
132,star-wars/0009/006.jpg,13,train
133,star-wars/0009/007.jpg,13,valid
134,star-wars/0010/001.jpg,14,train
135,star-wars/0010/002.jpg,14,valid
136,star-wars/0010/003.jpg,14,train
137,star-wars/0010/004.jpg,14,valid
138,star-wars/0010/005.jpg,14,train
139,star-wars/0010/006.jpg,14,train
140,star-wars/0010/007.jpg,14,valid
141,star-wars/0007/008.jpg,11,valid
142,star-wars/0008/008.jpg,12,valid
143,star-wars/0009/008.jpg,13,valid
144,star-wars/0010/008.jpg,14,valid
145,marvel/0005/001.jpg,15,train
146,marvel/0005/002.jpg,15,train
147,marvel/0005/003.jpg,15,valid
148,marvel/0005/004.jpg,15,train
149,marvel/0005/005.jpg,15,valid
150,marvel/0005/006.jpg,15,train
151,marvel/0005/007.jpg,15,valid
152,marvel/0005/008.jpg,15,train
153,marvel/0005/009.jpg,15,valid
154,marvel/0006/001.jpg,16,train
155,marvel/0006/002.jpg,16,train
156,marvel/0006/003.jpg,16,valid
157,marvel/0006/004.jpg,16,train
158,marvel/0006/005.jpg,16,valid
159,marvel/0006/006.jpg,16,train
160,marvel/0006/007.jpg,16,valid
161,marvel/0006/008.jpg,16,train
162,marvel/0006/009.jpg,16,valid
163,marvel/0007/001.jpg,17,train
164,marvel/0007/002.jpg,17,train
165,marvel/0007/003.jpg,17,valid
166,marvel/0007/004.jpg,17,train
167,marvel/0007/005.jpg,17,valid
168,marvel/0007/006.jpg,17,train
169,marvel/0007/007.jpg,17,valid
170,marvel/0007/008.jpg,17,train
171,marvel/0007/009.jpg,17,valid
172,harry-potter/0001/001.jpg,18,train
173,harry-potter/0001/002.jpg,18,valid
174,harry-potter/0001/003.jpg,18,train
175,harry-potter/0001/004.jpg,18,valid
176,harry-potter/0001/005.jpg,18,valid
177,harry-potter/0001/006.jpg,18,train
178,harry-potter/0001/007.jpg,18,train
179,harry-potter/0001/008.jpg,18,valid
180,harry-potter/0001/009.jpg,18,valid
181,harry-potter/0001/010.jpg,18,train
182,harry-potter/0001/011.jpg,18,train
183,harry-potter/0001/012.jpg,18,valid
184,harry-potter/0001/013.jpg,18,train
185,harry-potter/0002/001.jpg,19,train
186,harry-potter/0002/002.jpg,19,valid
187,harry-potter/0002/003.jpg,19,train
188,harry-potter/0002/004.jpg,19,valid
189,harry-potter/0002/005.jpg,19,valid
190,harry-potter/0002/006.jpg,19,train
191,harry-potter/0002/007.jpg,19,train
192,harry-potter/0002/008.jpg,19,valid
193,harry-potter/0002/009.jpg,19,valid
194,harry-potter/0002/010.jpg,19,train
195,harry-potter/0002/011.jpg,19,train
196,harry-potter/0002/012.jpg,19,valid
197,harry-potter/0002/013.jpg,19,train
